Timestamp,בעיה,דוגמה מהחיים / הסבר,Source1,Link1,Source2,Link2,Source 3,Link 3,כל אדם,אישה,גבר,להטב׳׳ק,ערבי/ה,דרוזי/ת,יהודי/ה חילוני/ת,יהודי/ה רפורמי/ת,חרדי,חרדית,יהודי/ה דתי/ה ,יהודי/ה דתי/ה ליברלי/ת,יהודי/ה מסורתי/ת,סטודנט/ית,סגל אקדמי,שכיר/ה,עצמאי/ת,עובד/ת במגזר הציבורי,עובד/ת המגזר השלישי,חייל/ת,משרת/ת במילואים,לא שרתתי בצבא,אזרח/ית ותיק/ה,גר/ה בפריפריה,משתמש/ת בתחבורה ציבורית,בעל/ת מוגבלות,הורה יחידני/ת,הורה לילדים בחינוך הממלכתי,עולה חדש/ה,תיכוניסט/ית בחינוך הממלכתי,תלמיד/ת חטיבת ביניים בחינוך הממלכתי,שוטרים/ות ואנשי/נשות קבע,מיוצאי אתיופיה,
3/4/2023 23:16:37,"חוק ביטוח בריאות ממלכתי מחייב אספקת שירותי בריאות באיכות סבירה, במרחק סביר ובזמן סביר לכל תושבי ישראל. ביטול עילת הסבירות ירוקן מתוכן את האפשרות לביקורת שיפוטית על יישום החוק","לדוגמה, משרד הבריאות נמנע משך שנים מעדכון התקציב לטיפול בילדים אוטיסטים; בג׳׳צ התערב לטובתם",פס׳׳ד העמותה לילדים בסיכון,https://www.nevo.co.il/psika_html/elyon/11029020-k14.htm,נייר עמדה החלוקים הלבנים,https://drive.google.com/file/d/12feI8lj_Ir6s7p7VI8YwWfhGkd20x312/view,,,,,,,,,,,,,,,,,,,,,,,,,1,1,,1,,,,,,,,
3/4/2023 23:33:44,חברי הכנסת והשרים לעיתים קרובות אינם שומרים על זכויות אדם של קבוצות מוחלשות באוכלוסייה. ביטול הביקורת השיפוטית יביא לכך שלא יהיה שום גורם מפקח שיוכל להתערב לטובת קבוצות אלה,חושב/ת שחיוני להקפיד על הליך הוגן לאדם שנעצר? בג׳׳צ פסל חוקים שלא הקפידו על כך. חושב/ת שגם על זכויות אדם של עובדים זרים חייבים לשמור? בג׳׳צ התערב מספר פעמים כדי לוודא זאת,נייר עמדה בנושא השלכות ההפיכה המשטרית על המשפט הפלילי,https://221fecf6-5588-4c13-998e-7da055e5279b.usrfiles.com/ugd/a3e4e4_3a3e97ff51ce4ee293e460de48dd3604.pdf,נייר עמדה זולת,https://zulat.org.il/wp-content/uploads/2023/02/השלכות-השינויים-במערכת-המשפט-על-בריאות-הציבור-3.pdf,,,1,,,,,,,,,,,,,,,,,,,,,,,,,,,,,,,,,
3/5/2023 23:31:47,"הממשלה מתכננת לתקן את חוק איסור אפליה במוצרים, בשירותים ובכניסה למקומות בידור ולמקומות ציבוריים, באופן  שיאפשר לבעלי עסק להמנע ממתן שרותים לפי אמונתם הדתית. ביטול הביקורת החוקתית ימנע מבג׳׳צ להתערב ",את/ה לובש/ת גופיה? מכנסיים קצרים? בעל עסק דתי יוכל לסרב להכניס אותך או לתת לך שירות.,סעיף 97 להסכם הקואליציוני עם סיעת הציונות הדתית,https://main.knesset.gov.il/mk/government/Documents/CA37-RZ.pdf,נייר עמדה בנושא הפגיעה בזכויות נשים,https://www.lawprofsforum.org/_files/ugd/a3e4e4_88283df570a44dda98c23cefc5bcb24b.pdf,,,,,,,,,1,1,,,,1,1,,,,,,,,,,,,,,,,,1,1,,,
3/5/2023 23:31:47,"הממשלה מתכננת לתקן את חוק איסור אפליה במוצרים, בשירותים ובכניסה למקומות בידור ולמקומות ציבוריים, באופן  שיאפשר לבעלי עסק להמנע ממתן שרותים לפי אמונתם הדתית. ביטול הביקורת החוקתית ימנע מבג׳׳צ להתערב ", אתם/ן זוג להט׳׳בי? בעל עסק דתי יוכל לסרב להכניס אתכם או לתת לכם שירות. ,סעיף 97 להסכם הקואליציוני עם סיעת הציונות הדתית,https://main.knesset.gov.il/mk/government/Documents/CA37-RZ.pdf,נייר עמדה בנושא הפגיעה בזכויות נשים,https://www.lawprofsforum.org/_files/ugd/a3e4e4_88283df570a44dda98c23cefc5bcb24b.pdf,,,,,,1,,,,,,,,,,,,,,,,,,,,,,,,,,,,,,
3/5/2023 23:31:47,"הממשלה מתכננת לתקן את חוק איסור אפליה במוצרים, בשירותים ובכניסה למקומות בידור ולמקומות ציבוריים, באופן  שיאפשר לבעלי עסק להמנע ממתן שרותים לפי אמונתם הדתית. ביטול הביקורת החוקתית ימנע מבג׳׳צ להתערב ",מוסלמי/ת? נוצרי/ת? דרוזי/ת? בעל עסק יוכל לסרב להכניס אתכם או לתת לכם שירות על רקע דתי,סעיף 97 להסכם הקואליציוני עם סיעת הציונות הדתית,https://main.knesset.gov.il/mk/government/Documents/CA37-RZ.pdf,נייר עמדה בנושא הפגיעה בזכויות נשים,https://www.lawprofsforum.org/_files/ugd/a3e4e4_88283df570a44dda98c23cefc5bcb24b.pdf,,,,,,,1,1,,,,,,,,,,,,,,,,,,,,,,,,,,,,
3/5/2023 23:31:47,"הממשלה מתכננת לתקן את חוק איסור אפליה במוצרים, בשירותים ובכניסה למקומות בידור ולמקומות ציבוריים, באופן  שיאפשר לבעלי עסק להמנע ממתן שרותים לפי אמונתם הדתית. ביטול הביקורת החוקתית ימנע מבג׳׳צ להתערב ", דתיים ומבקשים לרשום ילדה לבית ספר דתי לבנות? ייתכן שיסרבו לקבל אותה כי היא לא דתייה מספיק לדעת בית הספר,סעיף 97 להסכם הקואליציוני עם סיעת הציונות הדתית,https://main.knesset.gov.il/mk/government/Documents/CA37-RZ.pdf,נייר עמדה בנושא הפגיעה בזכויות נשים,https://www.lawprofsforum.org/_files/ugd/a3e4e4_88283df570a44dda98c23cefc5bcb24b.pdf,,,,,,,,,,1,,1,1,1,1,,,,,,,,,,,,,,,,,,,,,
,חברי הכנסת והשרים לעיתים אינם שומרים על זכויות של קבוצות מיעוט בחברה. ביטול הביקורת השיפוטית יביא לכך שלא יהיה שום גורם מפקח שיוכל להתערב לטובת קבוצות אלה,"בג׳׳צ הגן על תושבי הפריפריה כאשר חייב את המדינה לדאוג למיגון כיתות בעוטף עזה. בג׳׳צ גם מנע ביטול של סבסוד מעונות לילדי אברכים ללא התרעה מוקדמת סבירה. בדומה לכך, בג׳׳צ התערב במשך השנים כדי להגן על ערבים, בעלי מוגבלות, אזרחים ותיקים, רפורמים וקבוצות מיעוט נוספות",בג׳׳ץ 8397/06 אדוארדו,https://supremedecisions.court.gov.il/Home/Download?path=HebrewVerdicts\06/970/083/n21&fileName=06083970_n21.txt&type=4,כלכליסט: בג׳׳ץ האריך את סבסוד המעונות לילדי אברכים,https://www.calcalist.co.il/local_news/article/hkt5ee3nk,,,,,,1,1,1,,1,,,,1,1,,,,,,,,,,1,1,,1,1,,1,,,,,
,חברי הכנסת והשרים לעיתים אינם שומרים על זכויות של קבוצות מיעוט בחברה. ביטול הביקורת השיפוטית יביא לכך שלא יהיה שום גורם מפקח שיוכל להתערב לטובת קבוצות אלה,בג׳׳צ מנע ביטול של סבסוד מעונות לילדי אברכים ללא התרעה מוקדמת סבירה. ,בג׳׳ץ 8397/06 אדוארדו,https://supremedecisions.court.gov.il/Home/Download?path=HebrewVerdicts\06/970/083/n21&fileName=06083970_n21.txt&type=4,כלכליסט: בג׳׳ץ האריך את סבסוד המעונות לילדי אברכים,https://www.calcalist.co.il/local_news/article/hkt5ee3nk,,,,,,,,,,,1,1,1,,,,,,,,,,,,,,,,,,,,,,,
3/5/2023 23:40:27,הפרדה מגדרית במקומות ציבוריים,"לא תהיה מניעה להרחיב משמעותית את ההפרדה בין נשים לגברים במוסדות אקדמיים, באירועי תרבות, באוטובוסים, בבריכות שחיה ועוד. כתוצאה מכך גם ייפגעו הזדמנויות תעסוקתיות בעיקר לנשים (שיוכלו לשרת רק נשים). ביטול הביקורת החוקתית ימנע מבג׳׳צ להתערב",סעיף 97 להסכם הקואליציוני עם סיעת הציונות הדתית,https://main.knesset.gov.il/mk/government/Documents/CA37-RZ.pdf,נייר עמדה בנושא הפגיעה בזכויות נשים,https://www.lawprofsforum.org/_files/ugd/a3e4e4_88283df570a44dda98c23cefc5bcb24b.pdf,,,,1,,,1,1,1,1,,1,,1,1,1,1,,,,,,,,,,1,,,,,,,,,
,הפרדה מגדרית במקומות ציבוריים,רצית ללכת לים או להופעה עם חברות וחברים? לקיים פעולת נוער משותפת לבנים ובנות? הממשלה מתכננת הרחבה משמעותית של ההפרדה בין נשים לגברים במקומות ציבוריים. ביטול הביקורת החוקתית ימנע מבג׳׳צ להתערב,סעיף 97 להסכם הקואליציוני עם סיעת הציונות הדתית,https://main.knesset.gov.il/mk/government/Documents/CA37-RZ.pdf,נייר עמדה בנושא הפגיעה בזכויות נשים,https://www.lawprofsforum.org/_files/ugd/a3e4e4_88283df570a44dda98c23cefc5bcb24b.pdf,,,,,,,,,,,,,,,,,,,,,,,,,,,,,,,,1,1,,,
3/5/2023 23:43:02,ההגנה על איכות הסביבה ועל משאבי הטבע השייכים לציבור ייפגעו,"הולכים לחוף הים? בג׳׳צ מוודא שיהיו גם חופי רחצה ללא תשלום. אוהבים לטייל בטבע? כשהממשלה ביקשה לסלול כביש מהיר תוך פגיעה באוצרות טבע, מבלי לבחון אפשרויות חלופיות, בג׳׳צ חייב אותה לערוך בחינה כזו ",עמדת ארגוני הסביבה שהוגשה לועדת חוקה חוק ומשפט,https://fs.knesset.gov.il/25/Committees/25_cs_bg_1782787.pdf,בג׳׳ץ 4842/05 אדם טבע ודין,https://www.nevo.co.il/psika_html/elyon/05058240-r33.htm,אתר גל ירוק,https://galyarok.co.il/the-consequences-of-the-legal-reform-on-environmental-protection-and-public-health-02-2023/,1,,,,,,,,,,,,,,,,,,,,,,,,,,,,,1,1,,,
3/5/2023 23:48:46,החמרת הכפיה הדתית בצבא וההשפעה של גורמים דתיים על חיילים כתוצאה משינוי במעמד הרב הצבאי,"קיים חשש להתנגשות בין הנחיות המפקדים להנחיות הלכתיות של הרב הצבאי, למשל בהחלטות הקשורות לשבת, לכשרות ואף בהחלטות אסטרטגיות של הצבא. בנוסף, הרב הצבאי יוכל להוביל לצמצום האפשרויות הפתוחות בפני נשים מטעמי הלכה.",בג׳׳ץ 1823/15 בן פורת,https://main.knesset.gov.il/Activity/Legislation/Laws/pages/LawBill.aspx?t=lawsuggestionssearch&lawitemid=2165915,בכירים בצה׳׳ל נגד ההצעה להכפפת הרב הצבאי לרב הראשי,https://www.ynet.co.il/news/article/rynlvfrts,סעיף 99 להסכם הקואליציוני עם סיעת הציונות הדתית,https://main.knesset.gov.il/mk/government/Documents/CA37-RZ.pdf,,,,,,,1,1,,,,1,1,,,,,,,1,1,,,,,,,,,1,,,,
3/5/2023 23:53:02,הדרת נשים חרדיות מייצוג בכנסת,"עד בג׳׳צ בן-פורת, למפלגות החרדיות היה סעיף בתקנון שאוסר על נשים להיות חברות במפלגה ולהתמודד לכנסת. בעקבות הדיון בבג׳׳צ בוטל סעיף זה בשל הפגיעה בשוויון ונפתחה הדרך לעתירה נוספת מצד אישה שתיחסם דרכה להיבחר. הפגיעה בסמכויות הביקורת השיפוטית צפויה למנוע אפשרות כזו",פסק-דין בתיק בג׳׳ץ 1823/15,https://supremedecisions.court.gov.il/Home/Download?path=HebrewVerdicts%5C15%5C230%5C018%5Cv28&fileName=15018230.V28&type=2,,,,,,,,,,,,,,1,1,,,,,,,,,,,,,,,,,,,,,,,
3/6/2023 19:22:22,פגיעה באיכות החינוך הממלכתי בשל הסטת תקציבים לטובת החינוך החרדי והממלכתי-דתי,"הורה לילד/ה בחינוך הממלכתי? לפי ההסכמים הקואליציוניים יוגדל המימון של מוסדות חרדיים שפטורים מלימודי ליבה וכן של מוסדות חינוך ממלכתי-דתי, זה יבוא בהכרח על חשבון החינוך הממלכתי. למרות הפגיעה בשויון בג׳׳צ לא יוכל להתערב",השלכות ההסכמים הקואליציוניים על החינוך הממלכתי,https://www.youtube.com/watch?v=wEqIwX17Kg0&t=287s,השלכות ההסכמים הקואליציוניים על החינוך הממלכתי חלק 2,https://www.youtube.com/watch?v=DVoCn6q_b7g&feature=youtu.be,סעיף 118 להסכם הקואליציוני עם סיעת ש׳׳ס,https://main.knesset.gov.il/mk/government/Documents/CA37-Shas.pdf,,,,,,,1,,,,,,,,,,,,,,,,,,,,,1,,,,,,
,פגיעה באיכות החינוך הממלכתי בשל הסטת תקציבים לטובת החינוך החרדי והממלכתי-דתי,"לומד/ת בחינוך הממלכתי? לפי ההסכמים הקואליציוניים יוגדל המימון של מוסדות חרדיים שפטורים מלימודי ליבה וכן של מוסדות חינוך ממלכתי-דתי, זה יבוא בהכרח על חשבון החינוך הממלכתי. למרות הפגיעה בשויון בג׳׳צ לא יוכל להתערב",השלכות ההסכמים הקואליציוניים על החינוך הממלכתי,https://www.youtube.com/watch?v=wEqIwX17Kg0&t=287s,השלכות ההסכמים הקואליציוניים על החינוך הממלכתי חלק 2,https://www.youtube.com/watch?v=DVoCn6q_b7g&feature=youtu.be,סעיף 118 להסכם הקואליציוני עם סיעת ש׳׳ס,https://main.knesset.gov.il/mk/government/Documents/CA37-Shas.pdf,,,,,,,,,,,,,,,,,,,,,,,,,,,,,,1,1,,,
3/6/2023 20:50:26,אפליה של תלמידים בחינוך הערבי,"כבר כיום, התיקצוב לתלמיד בחינוך היהודי-חילוני גבוה ב-13% מאשר במגזר הערבי, ובחינוך היהודי-דתי גבוה ב-40%. הפער הזה עלול להחריף משמעותית כי בלי ביקורת שיפוטית, לא יהיה מי שיוכל לעצור זאת",השלכות ההסכמים הקואליציוניים על החינוך הממלכתי,https://www.youtube.com/watch?v=wEqIwX17Kg0&t=287s,השלכות ההסכמים הקואליציוניים על החינוך הממלכתי חלק 2,https://www.youtube.com/watch?v=DVoCn6q_b7g&feature=youtu.be,,,,,,,1,1,,,,,,,,,,,,,,,,,,,,,,,,,,,,
3/6/2023 20:57:08,תיקצוב מוסדות חינוך במיליארדים ללא לימודי ליבה וללא חינוך לערכים ליברליים -- פגיעה בעתיד של כולנו,"איך ייראה שוק העבודה כאשר אחוז גבוה מאזרחי המדינה כלל לא לומדים לימודי ליבה? איך תיראה המדינה כשרבים כל כך לא לומדים אזרחות ולא זוכים לחינוך לערכים כמו חירות ושוויון? הממשלה מתכוונת לאפשר ולחזק את המגמה הזו, ובג׳׳צ לא יוכל להתערב","ההסכם הקואליציוני עם סיעת ש׳׳ס, סעיף 120 ואילך",https://main.knesset.gov.il/mk/government/Documents/CA37-Shas.pdf,השלכות ההסכמים הקואליציוניים על החינוך הממלכתי,https://www.youtube.com/watch?v=wEqIwX17Kg0&t=287s,,,1,,,,,,,,,,,,,,,,,,,,,,,,,,,,,1,,,,
3/6/2023 22:09:21,פגיעה בפנסיות ובזכות לקניין,"חושב/ת שהפנסיה שלך מובטחת? במדינות שעברו תהליך דומה לזה שמתוכנן בישראל (כמו הונגריה וטורקיה), בשלב הבא ממשלות קיצצו בזכויות הפנסיה, כדי להשתמש בכספים האלה למטרות אחרות. מהלכים כאלה יהיו אפשרים רק כי בלי ביקורת חוקתית בג׳׳צ לא יוכל להגן מפני פגיעה בזכות הקניין.","נייר עמדה פורום המרצות והמרצים לדיני עבודה, עמ׳ 3",https://www.hujilawblog.com/single-post/פגיעה-בזכויות-העובדות-והעובדים-בעקבות-השינוי-המשטרי-בישראל,דה מרקר: כך עלולה ההפיכה המשטרית לסכן את חסכונות הפנסיה,https://www.themarker.com/markets/2023-02-22/ty-article/.premium/00000186-74e1-d265-afbe-77fbdad20000,דוגמה לכוונה לפגוע בפנסיה,https://www.funder.co.il/article/145369,,,,,,,,,,,,,,,,1,1,1,1,,,,1,,,,,,,,,1,,
3/6/2023 22:39:18,העדפה לחרדים בקבלה למשרות במגזר הציבורי -- על חשבון קבוצות אחרות,"מבקש/ת להתקבל לעבודה ברשות מקומית או תאגיד ציבורי? מספר גדל והולך של משרות יהיה ׳׳צבוע׳׳ לחרדים בלבד. מעבר לאפליה, תהיה פגיעה באיכות השירות, כי לאו דווקא יקחו לתפקיד את המוכשרים ביותר. בג׳׳צ לא יוכל להתערב",סעיף 165 להסכם הקואליציוני עם סיעת ש׳׳ס,https://main.knesset.gov.il/mk/government/Documents/CA37-Shas.pdf,,,,,,,,,1,1,1,1,,,,1,1,1,,1,1,1,,1,,,,,,,,,1,,,,,
3/6/2023 22:55:59,אפליה בקבלה לעבודה למי שלא שירתו בצבא,"מבקש/ת להתקבל לעבודה בשירות המדינה? אם לא שירתת בצה׳׳ל, סיכוייך יקטנו משמעותית",סעיף 138 להסכם הקואליציוני עם עוצמה יהודית,https://main.knesset.gov.il/mk/government/Documents/CA37-Otzma.pdf,"הצעת חוק שירות המדינה (מינויים) (תיקון - מתן העדפה למשרתים בהעדפה מתקנת), התשפ׳׳א-2021",https://main.knesset.gov.il/Activity/Legislation/Laws/Pages/LawBill.aspx?t=lawsuggestionssearch&lawitemid=2157371,,,,,,,1,,,,,,,,,,,,,,,,,1,,,,,,,,,,,,
3/6/2023 23:04:17,אפליה בקבלה ללימודים למי שלא שירתו בצבא,"רוצה להתקבל ללימודים באוניברסיטה או מכללה? הממשלה מתכננת לקבוע העדפה ליוצאי צבא בקבלה לפקולטות בפקולטות תחרותיות (רפואה, משפטים, מדעי המחשב, ראיית חשבון, הנדסה) בכל מוסדות ההשכלה הגבוהה, על חשבון מועמדים מצטיינים שלא שירתו בצבא מסיבות שונות. בג׳׳צ לא יוכל להתערב",סעיף 20 להסכם הקואליציוני עם סיעת הציונות הדתית,https://main.knesset.gov.il/mk/government/Documents/CA37-RZ.pdf,סעיף 20 להסכם הקואליציוני עם עוצמה יהודית,https://main.knesset.gov.il/mk/government/Documents/CA37-Otzma.pdf,,,,,,,1,,,,,,,,,,,,,,,,,1,,,,,,,,,,,,
3/6/2023 23:08:43,פגיעה בחופש של מורים להתבטא בשיעורים,"הקואליציה מאשימה בקלות רבה אזרחים ערבים שמבטאים ביקורת כלפי צה׳׳ל או המדינה שהם תומכי טרור. כעת היא תוכל לפטר מורים על בסיס התבטאויות לגיטימיות, מבלי שניתן יהיה למנוע זאת. בהעדר ביקורת שיפוטית אפקטיבית, חופש הביטוי עלול להפגע קשות.",סעיף 122 להסכם הקואליציוני עם סיעת עוצמה יהודית,https://main.knesset.gov.il/mk/government/Documents/CA37-Otzma.pdf,,,,,,,,,1,1,1,1,,,,1,1,,,,,,,,,,,,,,,,,1,1,,,
3/6/2023 23:26:18,פגיעה בזכות ההתאגדות בארגוני עובדים ובזכות השביתה  ,"חבר/ה בארגון עובדים או רוצה להיות חבר/ה בעתיד? ישנה כוונה, שבאה לידי ביטוי בהצעת חוק של ח׳׳כ שמחה רוטמן, להגביל באופן דרמטי את האפשרות של עובדים להתאגד ולשבות ואת הכוח של ארגוני עובדים לפעול באופן אפקטיבי. כתוצאה מכך ייפגעו הזכויות של כלל העובדות והעובדים, ולמרות הפגיעה בזכויות חוקתיות, בג׳׳צ לא יוכל להתערב","הצעת חוק דיני העבודה (תיקוני חקיקה), התשפ''ג–2023",https://main.knesset.gov.il/Activity/Legislation/Laws/Pages/LawBill.aspx?t=lawsuggestionssearch&lawitemid=2199824,נייר עמדה פורום המרצות והמרצים לדיני עבודה,https://www.hujilawblog.com/single-post/פגיעה-בזכויות-העובדות-והעובדים-בעקבות-השינוי-המשטרי-בישראל,,,,,,,,,,,,,,,,,,1,,1,1,,,,,,,,,,,1,,,,
3/6/2023 23:29:33,פגיעה בביטחון תעסוקתי ,"נהנים מקביעות בעבודה או חולמים על קביעות? ישנה כוונה, שבאה לידי ביטוי בהצעת חוק של ח׳׳כ שמחה רוטמן, לאסור על כל הסכם שמקנה לעובד/ת קביעות בעבודה. למרות הפגיעה בחופש החוזים להסכים על חוזה כזה, והפגיעה בזכות ההתאגדות בשל ביטול הסכמים קיבוציים שהסדירו זאת, בג׳׳צ לא יוכל להתערב","הצעת חוק דיני העבודה (תיקוני חקיקה), התשפ׳׳ג-2023",https://main.knesset.gov.il/Activity/Legislation/Laws/Pages/LawBill.aspx?t=lawsuggestionssearch&lawitemid=2199824,,,,,,,,,,,,,,,,,,,1,1,,1,1,,,,,,,,,,,,,,,
3/6/2023 23:46:51,פגיעה ביכולת של בית הדין לעבודה ליישב סכסוכי עבודה ולמנוע שביתות מיותרות,"בתי הדין לעבודה משמשים גורם מרכזי ביישוב סכסוכים, בעיקר ברמה הקיבוצית. מינוי של שופטים באופן פוליטי וביטול עצמאות הרשות השופטת יביאו לכך שבית הדין לא יוכל עוד להיחשב כגורם ניטרלי ולזכות באמון הצדדים כדי לסייע ליישוב סכסוכים",נייר עמדה פורום המרצות והמרצים לדיני עבודה,https://www.hujilawblog.com/single-post/פגיעה-בזכויות-העובדות-והעובדים-בעקבות-השינוי-המשטרי-בישראל,,,,,,,,,,,,,,,,,,,,1,,1,1,,,,,,,,,,,,,,,
3/6/2023 23:54:28,"צמצום הגנות לעובדים/ות כמו חובת שימוע לפני פיטורים, הגנה מפני התעמרות בעבודה, מכוח עילת הסבירות","בתי הדין לעבודה מספקים לעובדים ולעובדות הגנות רחבות, בין היתר תוך שימוש בעילת הסבירות, ובפיתוח הגנות חדשות מעת לעת, כאשר מתעורר הצורך בכך. פוליטיזציה במינוי שופטים צפויה להביא לביטול הלכות כאלה ולמניעת פיתוח של דיני העבודה ברוח זו בעתיד. זאת, מאחר שהשלטון הנוכחי צפוי למנות שופטים שמתנגדים לתכליות של דיני העבודה, וכמו כן, שופטים שיבקשו לרצות את מי שמינו אותם ויכולים לקדם אותם.",נייר עמדה פורום המרצות והמרצים לדיני עבודה,https://www.hujilawblog.com/single-post/פגיעה-בזכויות-העובדות-והעובדים-בעקבות-השינוי-המשטרי-בישראל,,,,,,,,,,,,,,,,,,,,1,,1,1,,,,,,,,,,,,,1,,
,פגיעה בחופש האקדמי ורדיפת מרצים בשל דעותיהם הפוליטיות ,"בהעדר ביקורת שיפוטית אפקטיבית, לא ניתן יהיה להגן על מרצים וחוקרים מפני פגיעה. כמו כן, יש חשש כבד להתערבות ממשלתית בתכנים של קורסים באקדמיה כמו במדינות אחרות שעברו תהליך דומה של פגיעה בעצמאות הרשות השופטת",נייר עמדה בנושא החופש האקדמי,https://7c4142d1-732b-4358-bdc3-d62bbc38a9ad.usrfiles.com/ugd/a3e4e4_31d8faf3f16f41699c93281d2f0d64bf.pdf,,,,,,,,,,,,,,,,,,1,1,,,,,,,,,,,,,,,,,,,
3/7/2023 0:24:11,פגיעה בחופש הביטוי ובארגוני החברה האזרחית,"חשוב לך שמותר יהיה להשמיע גם דעות לא פופולריות? שארגוני החברה האזרחית יוכלו לפעול ולסייע לקבוצות מיעוט ובכלל? במדינות שעברו תהליך דומה של הפיכה משטרית הוגבל חופש הביטוי והוטלו מגבלות על ארגוני חברה אזרחית. הממשלה כבר מתכוונת להטיל מס על ארגונים כמו ׳׳קו לעובד׳׳, ׳׳האגודה לזכויות האזרח׳׳ ו-׳׳עדאלה׳׳ שנעזרים בתרומות מחו׳׳ל",נייר עמדה בנושא השלכות ההפיכה המשטרית על המשפט הפלילי,https://221fecf6-5588-4c13-998e-7da055e5279b.usrfiles.com/ugd/a3e4e4_3a3e97ff51ce4ee293e460de48dd3604.pdf,סעיף 136 להסכם הקואליציוני עם סיעת עוצמה יהודית,https://main.knesset.gov.il/mk/government/Documents/CA37-Otzma.pdf,,,1,,,,,,,,,,,,,,,,,,,,,,,,,,,,,1,,,,
3/7/2023 13:21:30,אי-שוויון בקבלת שירות רפואי,"זקוק/ה לשירותי רפואה ברמה גבוהה? בקרוב יתכן שתזדקק/י לשלם יותר כדי לקבל אותם. שירותי רפואה פרטיים (שר׳׳פ) יוצרים אפליה בטיפול רפואי על בסיס יכולת כלכלית, ולכן הוגבלו בשנים האחרונות על ידי הייעוץ המשפטי ובתי המשפט. בהעדר ייעוץ משפטי עצמאי מחייב, ובהעדר ביקורת שיפוטית אפקטיבית, ניתן לצפות להחרפת אי-השוויון.",נייר עמדה החלוקים הלבנים,https://drive.google.com/file/d/12feI8lj_Ir6s7p7VI8YwWfhGkd20x312/view,,,,,1,,,,,,,,,,,,,,,,,,,,,,,,,,,,,,,,,
3/8/2023 1:14:54,"אפליה על רקע לאום במכרזים, תכנון והקצאת קרקעות","הממשלה מתכננת לתת העדפה ליהודים, ויוצאי צבא בפרט, בתחומי התכנון, המכרזים והקצאת קרקעות. בהעדר ביקורת שיפוטית אפקטיבית, בתי המשפט לא יוכלו להתערב.","סעיפים 81, 110 להסכם הקואליציוני עם סיעת עוצמה יהודית",https://main.knesset.gov.il/mk/government/Documents/CA37-Otzma.pdf,,,,,,,,,1,1,,,,,,,,,,,,,,,,1,,,,,,,,,,,,
3/8/2023 1:26:47,כשרות אלטרנטיבית לא תוכר,מספיקה לך כשרות אלטרנטיבית? לא תהיה שום גמישות למי שאינו עומד בכללים הנוקשים של הרבנות הראשית - ובג׳׳צ לא יוכל להתערב. כשרות של הרבנות הראשית גם יקרה יותר ולכן סביר שבתי עסק שיאלצו לעבור לכשרות של הרבנות הראשית יעלו מחירים כדי להתמודד עם העלויות הנוספות.,"סעיף 92, 94 להסכם הקואליציוני עם הציונות הדתית",https://main.knesset.gov.il/mk/government/Documents/CA37-RZ.pdf,,,,,,,,,,,,1,,,,1,1,,,,,,,,,,,,,,,,1,,,,,
3/8/2023 1:26:47,"גיור לא יוכר אלא אם הוא אורתודוקסי וכפוף לרבנות הראשית, כשרות אלטרנטיבית לא תוכר",רוצה או צריך/צריכה להתגייר? לא תהיה שום גמישות למי שאינו עומד בכללים הנוקשים של הרבנות הראשית - ובג׳׳צ לא יוכל להתערב,"סעיף 92, 94 להסכם הקואליציוני עם הציונות הדתית",https://main.knesset.gov.il/mk/government/Documents/CA37-RZ.pdf,,,,,,,,,,,,1,,,,1,1,,,,,,,,,,,,,,,,1,,,,,
3/8/2023 2:34:36,כוונה לפסול מפלגות ערביות מהתמודדות בבחירות,לאורך השנים נעשו ניסיונות לפסול מפלגות בטענה שאינן רואות בישראל מדינה יהודית ודמוקרטית או בטענה של תמיכה בטרור. בתי המשפט מנעו זאת ברוב המקרים. כעת יש כוונה לתקן את החוק באופן שיקל על פסילת מפלגות ערביות וימנע אפשרות לביקורת שיפוטית,סעיף 131 להסכם הקואליציוני עם סיעת עוצמה יהודית,https://main.knesset.gov.il/mk/government/Documents/CA37-Otzma.pdf,גלובס: נסיון לפסילת מפלגה ערבית,https://www.globes.co.il/news/article.aspx?did=1001425761,,,1,,,,1,1,,,,,,,,,,,,,,,,,,,,,,,,,,,,
3/8/2023 9:19:49,הרחבת הסמכות של בתי דין רבניים לדון בסכסוכים כספיים,"הממשלה מתכוונת לתת לבתי דין רבניים סמכות לדון כבוררים בענייני ממונות, בהסכמת הצדדים - אולם הסכמה כזו לעיתים קרובות נכפית על ידי הצד החזק, ובית הדין פוסק על בסיס דינים שמפלים נשים ובהרכב שלא כולל לעולם נשים. יפגעו במיוחד: נשים בהליכי גירושים; עובדות חרדיות במגזר החרדי, ובמיוחד גננות ומורות. בג׳׳צ לא יוכל להתערב",סעיף 110 להסכם הקואליציוני עם סיעת הציונות הדתית,https://main.knesset.gov.il/mk/government/Documents/CA37-RZ.pdf,"נייר עמדה בנושא הפגיעה בזכויות נשים, בעמ׳ 8",https://www.lawprofsforum.org/_files/ugd/a3e4e4_88283df570a44dda98c23cefc5bcb24b.pdf,,,,1,,,,,1,1,,1,1,1,1,,,,,,,,,,,,,,,,,,,,,
3/8/2023 20:45:01,פגיעה בזכויות של אנשים עם מוגבלויות,"אנשים עם מוגבלויות עדיין אינם נהנים בצורה מלאה ושווה מזכויות האדם ומחירויות היסוד, וממשיכים לסבול מהפליה, הדרה ושלילת זכויות בתחומי חיים רבים, ובהם דיור, חינוך, תעסוקה, כשרות משפטית ועוד. כאשר מדובר באנשים עם מוגבלות, המשתייכים גם לאוכלוסיה מוחלשת נוספת (ערבים, נשים, יוצאי אתיופיה וכן הלאה) – הפלייתם חמורה עוד יותר. במקרים רבים בתי המשפט חייבו את המדינה לדאוג לאנשים עם מוגבלויות וצרכים מיוחדים. לדוגמה, המדינה חויבה להקצות משאבים לשילוב ילדים עם תסמונת דאון במערכת החינוך. החלשת בג׳׳צ תמנע ממנו להתערב ולהגן על זכויותיה של אוכלוסיה זו.",בג׳׳ץ 2599/00 יתד ,https://www.nevo.co.il/psika_html/elyon/0002599a.htm,נייר עמדה החלוקים הלבנים,https://drive.google.com/file/d/12feI8lj_Ir6s7p7VI8YwWfhGkd20x312/view,נייר עמדה עמותת בזכות,https://www.bizchut.org.il/single-post/%D7%92%D7%99%D7%9C%D7%95%D7%99-%D7%93%D7%A2%D7%AA-%D7%94%D7%A9%D7%A4%D7%A2%D7%AA-%D7%94%D7%A9%D7%99%D7%A0%D7%95%D7%99%D7%99%D7%9D-%D7%91%D7%9E%D7%A2%D7%A8%D7%9B%D7%AA-%D7%94%D7%9E%D7%A9%D7%A4%D7%98-%D7%A2%D7%9C-%D7%90%D7%A0%D7%A9%D7%99%D7%9D-%D7%A2%D7%9D-%D7%9E%D7%95%D7%92%D7%91%D7%9C%D7%95%D7%AA,,,,,,,,,,,,,,,,,,,,,,,,,,1,,,,,,,,
3/8/2023 22:06:01,אפליה בקבלה ליישובים קהילתיים,רוצים לעבור ליישוב קהילתי? יתכן שלא תתקבלו פשוט כי אתם ערבים. הממשלה מתכוונת להרחיב משמעותית את האפשרות לאפליה כזו -- ובג׳׳צ לא יוכל להתערב,סעיף 11 להסכם הקואליציוני עם סיעת עוצמה יהודית,https://main.knesset.gov.il/mk/government/Documents/CA37-Otzma.pdf,דוגמה לאפליה בקבלה ליישוב קהילתי,https://www.bizportal.co.il/realestates/news/article/407110,,,,,,,1,1,,,,,,,,,,,,,,,,,,,,,,,,,,,,
,אפליה בקבלה ליישובים קהילתיים,"רוצים לעבור ליישוב קהילתי? יתכן שלא תתקבלו כי אתם לא דתיים מספיק, דתיים מידי או לא שייכים לעדה הנכונה.הממשלה מתכוונת להרחיב משמעותית את האפשרות לאפליה כזו -- ובג׳׳צ לא יוכל להתערב",סעיף 11 להסכם הקואליציוני עם סיעת עוצמה יהודית,https://main.knesset.gov.il/mk/government/Documents/CA37-Otzma.pdf,דוגמה לאפליה בקבלת דתיים ליישוב קהילתי,https://www.bizportal.co.il/realestates/news/article/407110,,,,,,,,,1,1,1,1,1,1,1,,,,,,,,,,,,,,,,,,,,,
,הקלה בפיטורי נשים בהריון,"הממונה על עבודת נשים במשרד העבודה יכולה לאשר למעסיק לפטר אישה בהריון. אישור כזה כפוף לביקורת שיפוטית, שנעשה באמצעות בדיקת הסבירות. ביטול עילת הסבירות ימנע מבתי הדין את האפשרות למנוע פיטורים שאושרו באופן לא סביר",נייר עמדה פורום המרצות והמרצים לדיני עבודה,https://www.hujilawblog.com/single-post/פגיעה-בזכויות-העובדות-והעובדים-בעקבות-השינוי-המשטרי-בישראל,,,,,,1,,,,,,,,,,,,,,,,,,,,,,,,,,,,,,,,
,הקלה בפיטורי עובדי ציבור,פיטורים במגזר הציבורי כפופים כיום למבחן של סבירות. בעקבות ביטול עילת הסבירות בתי הדין לעבודה לא יוכלו יותר למנוע פיטורים שאינם סבירים,נייר עמדה פורום המרצות והמרצים לדיני עבודה,https://www.hujilawblog.com/single-post/פגיעה-בזכויות-העובדות-והעובדים-בעקבות-השינוי-המשטרי-בישראל,,,,,,,,,,,,,,,,,,,,,,1,,,,,,,,,,,,,,1,,
,ניתוק מג׳׳ב מהמשטרה והכפפת מג׳׳ב ישירות לשר לביטחון לאומי,הממשלה מתכוונת להיענות לדרישתו של בן-גביר ולהעביר את משמר הגבול לשליטתו. זוהי סכנה חמורה -- פולטיזיציה של מג׳׳ב ויצירת מעין מיליציה בשליטה פרטית של פוליטיקאי. לאחר ההפיכה המשטרית בג׳׳צ לא יוכל להתערב,סעיף 90 להסכם הקואליציוני עם סיעת עוצמה יהודית,https://main.knesset.gov.il/mk/government/Documents/CA37-Otzma.pdf,,,,,1,,,,,,,,,,,,,,,,,,,,,,,,,,,,,,,,,
,פגיעה בעצמאות המחלקה לחקירות שוטרים (מח׳׳שׁ) ,"הממשלה מתכננת לאפשר התערבות פוליטית בחקירות של מח׳׳ש, ולהכפיף גם את פעילות הפרקליטות לפיקוח של אותו גוף פוליטי. מדובר בפגיעה קשה בשלטון החוק. בג׳׳צ לא יוכל להתערב",נייר עמדה בנושא הצעת החוק,https://www.lawprofsforum.org/_files/ugd/a3e4e4_70c508784c1446a481aebbd92cf61ddd.pdf,,,,,1,,,,,,,,,,,,,,,,,,,,,,,,,,,,,,,,,
,הנצחת האפליה באי-גיוס חרדים,"הממשלה מתכוונת לחוקק חוק יסוד: לימוד תורה, שימנע אפשרות לחייב חרדים להתגייס או לבצע שירות לאומי, וינציח את הפגיעה בשוויון. בג׳׳צ לא יוכל להתערב",סעיף 82 להסכם הקואליציוני עם סיעת ש׳׳ס,https://main.knesset.gov.il/mk/government/Documents/CA37-Shas.pdf,,,,,,,,,,1,1,1,,,1,1,1,,,,,,,1,1,,,,,,,,,1,1,,,
,הכרה במטפלים על בסיס לימודים שאינם אקדמיים,"בניגוד לעמדת אנשי המקצוע, הממשלה מתכוונת לתת רישיון למקצועות טיפול גם ללא לימודים אקדמיים לכך - פגיעה במקצועיות השירות שיקבל הציבור. המטרה היא להקל על חרדים להשתלב בעבודות אלה. בג׳׳צ לא יוכל להתערב",סעיף 167 להסכם הקואליציוני עם סיעת ש׳׳ס,https://main.knesset.gov.il/mk/government/Documents/CA37-Shas.pdf,,,,,1,,,,,,,,,,,,,,,,,,,,,,,,,,,,,,,,,
,איסור תפילה בכותל שלא לפי הכללים האורתודוקסיים,פגיעה בחופש הפולחן הדתי,סעיף 88 להסכם הקואליציוני עם סיעת ש׳׳ס,https://main.knesset.gov.il/mk/government/Documents/CA37-Shas.pdf,,,,,,,,,,,,1,,,,1,1,,,,,,,,,,,,,,,,,,,,,
,האטה בפרוייקטים של תשתיות ובזבוז כספי ציבור כתוצאה ממניעת היתרי עבודה בשבת,"נציג הרבנות הראשית יצורף לוועדה למתן היתרי עבודה בשבת, דבר שצפוי לצמצם מאד היתרים כאלה. בג׳׳צ לא יוכל להתערב",סעיף 99 להסכם הקואליציוני עם סיעת ש׳׳ס,https://main.knesset.gov.il/mk/government/Documents/CA37-Shas.pdf,,,,,1,,,,,,,,,,,,,,,,,,,,,,,,,,,,,,,,,
,איסור הכנסת חמץ וכל אוכל ביתי לבתי חולים בפסח לפי החלטת מנהל בית החולים,"כפייה דתית שתפגע הן בחולים ומשפחותיהם והן בעובדים בבתי החולים. בג׳׳צ התערב בעבר, כעת מתוכנן חוק עוקף ולא ניתן יהיה לבקר אותו",הצעת חוק זכויות החולה (תיקון מס׳ 13),https://fs.knesset.gov.il/25/law/25_ls1_1906764.pdf,ynet: כתבה על פסיקת בג''צ,"https://www.ynet.co.il/articles/0,7340,L-5722904,00.html ",,,1,,,,1,1,1,,,,,,,,,,,,,,,,,,,,,,,,,,,
,חוקים שפוגעים בפרטיות למעלה מהצורך לא יעמדו לביקורת שיפוטית אפקטיבית,"האם מותר לרשות האוכלוסין להעביר מידע אודותינו לגורמים אחרים, כולל למשל בנקים? הממשלה התירה זאת באופן גורף. בג׳׳צ התערב כדי לוודא שייקבעו מגבלות, אבטחת מידע וכולי. דוגמה נוספת: האם לגיטימי להשתמש בשב׳׳כ לאיכון חולי קורונה? בג׳׳צ וידא ששימוש כזה יוגדר בחוק בצורה מפורשת ומוגבלת",נייר עמדה בנושא פרטיות חוקתית,https://a3e4e4a4-dc32-455c-b5b2-7cb43b6d07c2.usrfiles.com/ugd/a3e4e4_958b626a3096474e873b70921dc2f942.pdf,,,,,1,,,,,,,,,,,,,,,,,,,,,,,,,,,,,,,,,
,סירוב לטפל באלימות כנגד נשים ואלימות במשפחה,"למרות עלייה קשה באלימות כנגד נשים בשנים האחרונות, לרבות מקרי רצח, הממשלה הודיעה כי בניגוד לכוונות קודמות היא תסרב להצטרף לאמנת איסטנבול, שאמורה לסייע במאבק בתופעה ","נייר עמדה בנושא הפגיעה בזכויות נשים, בעמ׳ 9",https://221fecf6-5588-4c13-998e-7da055e5279b.usrfiles.com/ugd/221fec_2052f531d7ec4e4d8500bf0d2713bcfd.pdf,,,,,,1,,,,,,,,,,,,,,,,,,,,,,,,,,,,1,1,,,
,פגיעה בייצוג נשים בממשלה ובתפקידים בכירים,"בקואליציה הנוכחית, רק 14% מחברי הכנסת הן נשים. מתוך 33 מנכ׳׳לים של משרדי ממשלה, אפס נשים. ללא ביקורת של בג׳׳צ, הדרת נשים מעמדות כוח תלך ותחריף","נייר עמדה בנושא הפגיעה בזכויות נשים, בעמ׳ 12",https://221fecf6-5588-4c13-998e-7da055e5279b.usrfiles.com/ugd/221fec_2052f531d7ec4e4d8500bf0d2713bcfd.pdf,,,,,,1,,,,,,,,,,,,,,,,,,,,,,,,,,,,,,,,
,החרפת ההפרדה וההדרה של נשים במגזר החרדי,"את אישה חרדית שמודאגת מההקצנה במגמת ההדרה של נשים וההפרדה בכל מקום? תחת הממשלה הנוכחית המגמה צפויה להחריף, ובעקבות ההפיכה המשטרית בג׳׳צ לא יוכל להתערב  ","נייר עמדה בנושא הפגיעה בזכויות נשים, בעמ׳ 16",https://221fecf6-5588-4c13-998e-7da055e5279b.usrfiles.com/ugd/221fec_2052f531d7ec4e4d8500bf0d2713bcfd.pdf,,,,,,1,,,,,,,,1,1,,,,,,,,,,,,,,,,,,,,,,,
,פגיעה בתאגיד השידור הציבורי,"נהנים משידורי כאן 11? סבור/ה שחשוב שיהיה שידור ציבורי שמשדר תכנים שאינם מבוססים רק על שיקולים מסחריים? הממשלה מתכוונת לפגוע בכך קשות.  גם אם אינך צופה בערוץ - תקשורת חופשית היא כלב שמירה של הדמוקרטיה. כאשר אין תקשורת חופשית, מידע קריטי על שחיתות ומחדלים של הממשלה מוסתר מהציבור. כשהממשל יודע שאין ביקורת יעילה זה מעודד עוד שחיתות. בג׳׳צ לא יוכל להתערב",דה-מרקר: קרעי ממשיך להילחם בתאגיד השידור ובגל׳׳צ,https://www.themarker.com/advertising/2023-02-13/ty-article/.premium/00000186-4a7b-d603-a7bf-ceffe7e10000,,,,,1,,,,,,,,,,,,,,,,,,,,,,,,,,,,,,,,,
,שחיתות של נבחרי ציבור ועובדי ציבור,"הממשלה מתכננת חוקים שיאפשרו לנבחרי ציבור לקבל תרומות פרטיות; ביטול ׳׳נבחרת הדירקטורים׳׳ שהבטיחה מינוי לפי כישורים ולא קשרים; חקיקה שתחזיר את אריה דרעי לתפקיד שר למרות הרשעותיו בעבירות שחיתות, ועוד. לאחר ההפיכה המשטרית בג׳׳צ לא יוכל להתערב ",לביטול נבחרת הדיקטורים ראו סעיף 76 להסכם הקואליציוני עם סיעת עוצמה יהודית,https://main.knesset.gov.il/mk/government/Documents/CA37-Otzma.pdf,,,,,1,,,,,,,,,,,,,,,,,,,,,,,,,,,,,,,,,
,חוקים שפוגעים בכבוד האדם לא יעמדו לביקורת שיפוטית אפקטיבית,"למשל, האם ראוי לשלול הבטחת הכנסה מאדם באופן גורף, ללא חריגים, בגלל שהוא מחזיק רכב (אפילו אם אינו בבעלותו)? בג׳׳צ קבע שהוראה זו אינה מידתית וחייב את המדינה לקבוע הסדר מאוזן יותר. לאחר ההפיכה המשטרית ביקורת כזו לא תהיה אפשרית",בג׳׳ץ 10662/04 חסן,https://www.nevo.co.il/psika_html/elyon/04106620-n44.htm,,,,,1,,,,,,,,,,,,,,,,,,,,,,,,,,,,,,,,,
, פגיעה בזכויות להטב׳׳ק,"בג׳׳צ חייב את המדינה לאפשר גם לזוגות גברים בני אותו מין להעזר בפונדקאות - התערבות כזו לא תהיה אפשרית יותר. ישנו חשש סביר לאור ההסכמים הקואליציונים, לפגיעות מהותיות נוספות בשוויון לקהילה הגאה. למשל, לא רישום הורות יהיה תחת הכותרת ׳׳אבא׳׳ ו׳׳אמא׳׳ בלבד.",הסכם קואליציוני עם סיעת נועם,https://www.idi.org.il/media/18948/נעם.pdf,פסק הדין בעניין פונדקאות,https://www.nevo.co.il/psika_html/elyon/15007810-V73.htm,,,,,,1,,,,,,,,,,,,,,,,,,,,,,,,,,,,,,
,חשיפה של אנשי כוחות הביטחון להליכים משפטיים בחו׳׳ל ,"חיילים? מלש''בים? בהעדר מערכת משפט עצמאית, ישנו חשש כבד שגופים בינלאומיים יפתחו בהליכים כנגד יוצאי צבא וכוחות הביטחון בטענה של הפרת כללי משפט בינלאומי",מאמר של פרופ׳ יובל שני,https://www.idi.org.il/articles/48004,,,,,,,,,,,,,,,,,,,,,,,,1,1,,,,,,,,,1,,1,,
,שחיתות או חוסר מקצועיות בחלוקת תקציבים ומכרזים,"ללא יועצים משפטיים עצמאיים וללא עילת הסבירות, שרים יוכלו לחלק תקציבים ומכרזים ללא ביקורת, משיקולים שאינם ענייניים",גלובס: מהי עילת הסבירות,https://www.globes.co.il/news/article.aspx?did=1001434932,,,,,,,,,,,,,,,,,,,,,1,1,1,,,,,,,,,,,,,1,,
,אפליה בקבלה לבתי ספר בגלל ארץ המוצא,רוצה לרשום את הילדה לבית ספר הקרוב למקום מגוריך ושמתאים לאמונתך? בית הספר עשוי לדחות אותה בגלל מוצאה. בג''צ הוא שהורה על ביטול המדיניות המפלה של משרד החינוך שאיפשרה למוסדות חינוך הנתמכים על ידי המדינה לדחות תלמידים יוצאי אתיופיה,בג''ץ 7426/08 טבקה משפט צדק לעולי אתיופיה נגד שרת החינוך,https://supremedecisions.court.gov.il/Home/Download?path=HebrewVerdicts%5C08/260/074/r23&fileName=08074260.r23&type=4,אזרחים יהודי אתיופיה קוראים לעצור את הקרע בעם ומציעים מתווה לרפורמה,https://www.atzuma.co.il/justreform,,,,,,,,,,,,,,,,,,,,,,,,,,,,,,,1,,,,1,
,שיטור יתר נגד אזרחים/יות על רקע צבע עור או מוצא,"יושב/ת עם חברים על ספסל בשדרה? כל שוטר יכול לגשת ולבקש ממך להזדהות גם ללא כל חשד ספציפי לפעילות פלילית, רק בגלל צבע עורך. בעקבות עתירה, בג''ץ הביא לביטול הנוהל הזה שהופנה בעיקר כנגד יוצאי אתיופיה",עמותת טבקה צדק ליוצאי אתיופיה נגד משטרת ישראל 4455/19 ו 5471/19,https://supremedecisions.court.gov.il/Home/Download?path=HebrewVerdicts/19/550/044/v16&fileName=19044550.V16&type=4,אזרחים יהודי אתיופיה קוראים לעצור את הקרע בעם ומציעים מתווה לרפורמה,https://www.atzuma.co.il/justreform,כלכליסט: שיטור יתר? בג''צ יכריע מתי מותר לשוטר לבקש תעודת זהות,"https://www.calcalist.co.il/local/articles/0,7340,L-3777734,00.html",,,,,1,,,,,,,,,,,,,,,,,,,,,,,,1,,,,1,
,אפליה בשרותי דת ליוצאי אתיופיה ויוצאי ברה''מ לשעבר,רוצים להתחתן? לא יהיה מי שיגן עליכם אם הרבנות תפקפק ביהדותכם ותסרב. רק פסיקות של בג''צ עזרו כאשר המועצות הדתיות סירבו לתת שירותי דת לזוגות מקהילת יוצאי אתיופיה שביקשו להתחתן,בגץ 521/85  הרב מנשה איילין אדגואיצ'ו נ' מועצת הרבנות הראשית לישראל,https://www.nevo.co.il/psika_html/elyon/PADI-NB-2-152-L.htm,אזרחים יהודי אתיופיה קוראים לעצור את הקרע בעם ומציעים מתווה לרפורמה,https://www.atzuma.co.il/justreform,,,,,,,,,,,,,,,,,,,,,,,,,,,,,,,1,,,,1,
,הקצאת קרקעות של המדינה באופן מוטה,"רשות מקרקעי ישראל מנהלת את כל קרקעות המדינה ומחליטה היכן להוציא מכרזים, היכן לתת הנחות וכו׳. החלטות אלה כפופות כיום למבחן הסבירות, שהביא לעיתים לפסילת החלטות שנתנו לקבוצות ספציפיות טובת הנאה לא מוצדקת על חשבון שאר הציבור. ללא מבחן של סבירות לא תהיה כמעט ביקורת על החלטות הרשות.",פסק דין לדוגמה שפסל החלטה של רשות מקרקעי ישראל,https://www.nevo.co.il/psika_html/elyon/9903939-padi.htm,,,,,,,,,1,1,1,1,,,,,1,,,,,,,,,,,,,,,,,,,,,
,הקצאת קרקעות של המדינה באופן מוטה,"רשות מקרקעי ישראל מנהלת את כל קרקעות המדינה ומחליטה היכן להוציא מכרזים, היכן לתת הנחות וכו׳. היא יכולה למשל להחליט לתת הנחות ולהוציא מכרזים רק בשכונות חילוניות. החלטות אלה כפופות כיום למבחן הסבירות, שהביא לעיתים לפסילת החלטות שנתנו לקבוצות ספציפיות טובת הנאה לא מוצדקת על חשבון שאר הציבור. ללא מבחן של סבירות לא תהיה כמעט ביקורת על החלטות הרשות.",פסק דין לדוגמה שפסל החלטה של רשות מקרקעי ישראל,https://www.nevo.co.il/psika_html/elyon/9903939-padi.htm,,,,,,,,,,,,,1,1,1,1,,,,,,,,,,,,,,,,,,,,,,
,,,,,,,,,,,,,,,,,,,,,,,,,,,,,,,,,,,,,,,,,,EOF